estado,unidade,tipo_unidade,unidade_original,poblacion,tamano,medios_total,medios_urbanos,medios_rurales,medios_plurales,categoria_preliminar,filtro_bosque_pct,categoria_definitiva,_status
Amazonas,Alto Orinoco (La Esmeralda),municipio,Amazonas - Alto Orinoco (La Esmeralda),14464,Localidad pequeña,2,1,1,,Desierto,,Desierto,ok
Amazonas,Atabapo,municipio,Amazonas - Atabapo,10711,Localidad pequeña,0,0,0,,Desierto,,Desierto,ok
Amazonas,Atures (Puerto Ayacucho),municipio,Amazonas - Atures (Puerto Ayacucho),132919,Localidad grande,5,5,3,,Desierto,,Desierto,ok
Amazonas,Autana (Isla Ratón),municipio,Amazonas - Autana (Isla Ratón),10191,Localidad pequeña,2,1,2,,Desierto,,Desierto,ok
Amazonas,Manapiare,municipio,Amazonas - Manapiare,9021,Localidad pequeña,0,0,0,,Desierto,,Desierto,ok
Amazonas,Maroa,municipio,Amazonas - Maroa,2370,Localidad pequeña,1,1,1,,Desierto,,Desierto,ok
Amazonas,Río Negro,municipio,Amazonas - Río Negro,2635,Localidad pequeña,2,1,2,,Desierto,,Desierto,ok
Apure,Achaguas,municipio,Apure - Achaguas,72491,Localidad mediana,14,14,5,1,Desierto,,Desierto,ok
Apure,Biruaca,municipio,Apure - Biruaca,68904,Localidad mediana,17,17,7,1,Desierto,,Desierto,ok
Apure,Muñoz (Bruzual),municipio,Apure - Muñoz (Bruzual),32160,Localidad mediana,5,5,4,3,Desierto,,Desierto,ok
Apure,Páez (Guasdualito),municipio,Apure - Páez (Guasdualito),117417,Localidad grande,11,10,8,1,Desierto,,Desierto,ok
Apure,Pedro Camejo (San Juan de Payara),municipio,Apure - Pedro Camejo (San Juan de Payara),37151,Localidad mediana,11,10,7,2,Desierto,,Desierto,ok
Apure,Rómulo Gallegos (Elorza),municipio,Apure - Rómulo Gallegos (Elorza),30901,Localidad mediana,12,12,6,2,Desierto,,Desierto,ok
Apure,San Fernando,municipio,Apure - San Fernando,208479,Localidad grande,19,19,8,2,Desierto,,Desierto,ok
Aragua,Bolívar (San Mateo),municipio,Aragua - Bolívar (San Mateo),36593,Localidad mediana,8,8,2,3,Desierto,,Desierto,ok
Aragua,Camatagua,municipio,Aragua - Camatagua,16934,Localidad pequeña,2,2,0,,Desierto,,Desierto,ok
Aragua,Francisco Linares Alcántara (Santa Rita),municipio,Aragua - Francisco Linares Alcántara (Santa Rita),123140,Localidad grande,13,13,8,5,Desierto,,Desierto,ok
Aragua,Girardot (Maracay),municipio,Aragua - Girardot (Maracay),413704,Localidad grande,18,18,12,7,Semibosque,,Semibosque,ok
Aragua,José Ángel Lamas (Santa Cruz),municipio,Aragua - José Ángel Lamas (Santa Cruz),31961,Localidad mediana,5,5,2,1,Desierto,,Desierto,ok
Aragua,José Félix Ribas (La Victoria),municipio,Aragua - José Félix Ribas (La Victoria),146102,Localidad grande,13,13,6,4,Desierto,,Desierto,ok
Aragua,José Rafael Revenga (El Consejo),municipio,Aragua - José Rafael Revenga (El Consejo),49307,Localidad mediana,7,7,2,3,Desierto,,Desierto,ok
Aragua,Libertador (Palo Negro),municipio,Aragua - Libertador (Palo Negro),113744,Localidad grande,12,12,5,5,Desierto,,Desierto,ok
Aragua,Mario Briceño Iragorry (El Limón),municipio,Aragua - Mario Briceño Iragorry (El Limón),100928,Localidad grande,12,12,6,5,Desierto,,Desierto,ok
Aragua,Ocumare de la Costa,municipio,Aragua - Ocumare de la Costa,13180,Localidad pequeña,4,4,1,,Desierto,,Desierto,ok
Aragua,San Casimiro,municipio,Aragua - San Casimiro,24827,Localidad pequeña,3,3,1,,Desierto,,Desierto,ok
Aragua,San Sebastián,municipio,Aragua - San Sebastián,23147,Localidad pequeña,3,3,1,,Desierto,,Desierto,ok
Aragua,Santiago Mariño (Turmero),municipio,Aragua - Santiago Mariño (Turmero),214068,Localidad grande,19,19,12,7,Semibosque,,Semibosque,ok
Aragua,Santos Michelena (Las Tejerías),municipio,Aragua - Santos Michelena (Las Tejerías),37848,Localidad mediana,6,6,2,2,Desierto,,Desierto,ok
Aragua,Sucre (Cagua),municipio,Aragua - Sucre (Cagua),119605,Localidad grande,10,10,2,3,Desierto,,Desierto,ok
Aragua,Tovar (Colonia Tovar),municipio,Aragua - Tovar (Colonia Tovar),14274,Localidad pequeña,2,2,0,,Desierto,,Desierto,ok
Aragua,Urdaneta (Barbacoas),municipio,Aragua - Urdaneta (Barbacoas),20854,Localidad pequeña,2,2,0,,Desierto,,Desierto,ok
Aragua,Zamora (Villa de Cura),municipio,Aragua - Zamora (Villa de Cura),142084,Localidad grande,2,2,0,,Desierto,,Desierto,ok
Barinas,Alberto Arvelo Torrealba (Sabaneta),municipio,Barinas - Alberto Arvelo Torrealba (Sabaneta),41447,Localidad mediana,22,17,12,2,Desierto,,Desierto,ok
Barinas,Andrés Eloy Blanco (El Cantón),municipio,Barinas - Andrés Eloy Blanco (El Cantón),15592,Localidad pequeña,17,16,7,2,Desierto,,Desierto,ok
Barinas,Antonio José de Sucre (Socopó),municipio,Barinas - Antonio José de Sucre (Socopó),78410,Localidad mediana,27,25,13,2,Desierto,,Desierto,ok
Barinas,Arismendi,municipio,Barinas - Arismendi,27019,Localidad mediana,13,9,7,1,Desierto,,Desierto,ok
Barinas,Barinas,municipio,Barinas - Barinas,370457,Localidad grande,30,30,15,2,Desierto,,Desierto,ok
Barinas,Bolívar (Barinitas),municipio,Barinas - Bolívar (Barinitas),53362,Localidad mediana,25,22,12,2,Desierto,,Desierto,ok
Barinas,Cruz Paredes (Barrancas),municipio,Barinas - Cruz Paredes (Barrancas),25646,Localidad mediana,23,22,13,2,Desierto,,Desierto,ok
Barinas,Ezequiel Zamora (Santa Bárbara),municipio,Barinas - Ezequiel Zamora (Santa Bárbara),52643,Localidad mediana,21,20,11,2,Desierto,,Desierto,ok
Barinas,Obispos (Obispos),municipio,Barinas - Obispos (Obispos),36467,Localidad mediana,23,20,9,1,Desierto,,Desierto,ok
Barinas,Pedraza (Ciudad Bolivia),municipio,Barinas - Pedraza (Ciudad Bolivia),66572,Localidad mediana,24,20,14,2,Desierto,,Desierto,ok
Barinas,Rojas (Libertad),municipio,Barinas - Rojas (Libertad),40219,Localidad mediana,15,13,9,1,Desierto,,Desierto,ok
Barinas,Sosa (Ciudad de Nutrias),municipio,Barinas - Sosa (Ciudad de Nutrias),24035,Localidad pequeña,15,12,7,1,Desierto,,Desierto,ok
Carabobo,Bejuma,municipio,Carabobo - Bejuma,46741,Localidad mediana,13,12,9,6,Semibosque,,Semibosque,ok
Carabobo,Carlos Arvelo (Güigüe),municipio,Carabobo - Carlos Arvelo (Güigüe),144284,Localidad grande,7,5,5,3,Desierto,,Desierto,ok
Carabobo,Diego Ibarra (Mariara),municipio,Carabobo - Diego Ibarra (Mariara),101445,Localidad grande,8,6,5,3,Desierto,,Desierto,ok
Carabobo,Guacara,municipio,Carabobo - Guacara,173760,Localidad grande,25,24,5,9,Posible bosque,,Semibosque,ok
Carabobo,Juan José Mora (Morón),municipio,Carabobo - Juan José Mora (Morón),68049,Localidad mediana,12,11,7,3,Desierto,,Desierto,ok
Carabobo,Libertador (Tocuyito),municipio,Carabobo - Libertador (Tocuyito),167492,Localidad grande,24,22,6,7,Semibosque,,Semibosque,ok
Carabobo,Los Guayos,municipio,Carabobo - Los Guayos,147259,Localidad grande,23,21,6,7,Semibosque,,Semibosque,ok
Carabobo,Miranda,municipio,Carabobo - Miranda,28738,Localidad mediana,11,8,9,5,Semidesierto,,Semidesierto,ok
Carabobo,Montalbán,municipio,Carabobo - Montalbán,25719,Localidad mediana,12,9,10,6,Semibosque,,Semibosque,ok
Carabobo,Naguanagua,municipio,Carabobo - Naguanagua,167075,Localidad grande,41,41,8,15,Posible bosque,,Semibosque,ok
Carabobo,Puerto Cabello,municipio,Carabobo - Puerto Cabello,177656,Localidad grande,29,28,7,10,Posible bosque,,Semibosque,ok
Carabobo,San Diego,municipio,Carabobo - San Diego,108628,Localidad grande,33,33,8,12,Posible bosque,,Semibosque,ok
Carabobo,San Joaquín,municipio,Carabobo - San Joaquín,61054,Localidad mediana,14,13,3,5,Semidesierto,,Semidesierto,ok
Carabobo,Valencia,municipio,Carabobo - Valencia,824743,Localidad grande,41,41,10,15,Posible bosque,,Semibosque,ok
Caracas,Parroquia 23 de enero,parroquia,Caracas - Parroquia 23 de enero,70179,Localidad mediana,6,,,3,Desierto,,Desierto,ok
Caracas,Parroquia Altagracia,parroquia,Caracas - Parroquia Altagracia,50730,Localidad mediana,7,,,3,Desierto,,Desierto,ok
Caracas,Parroquia Antímano,parroquia,Caracas - Parroquia Antímano,116301,Localidad grande,7,,,4,Desierto,,Desierto,ok
Caracas,Parroquia Caricuao,parroquia,Caracas - Parroquia Caricuao,64853,Localidad mediana,9,,,4,Desierto,,Desierto,ok
Caracas,Parroquia Catedral,parroquia,Caracas - Parroquia Catedral,135916,Localidad grande,9,,,6,Semidesierto,,Semidesierto,ok
Caracas,Parroquia Coche,parroquia,Caracas - Parroquia Coche,14726,Localidad pequeña,6,,,4,Semidesierto,,Semidesierto,ok
Caracas,Parroquia El Junquito,parroquia,Caracas - Parroquia El Junquito,54124,Localidad mediana,7,,,5,Semidesierto,,Semidesierto,ok
Caracas,Parroquia El Paraíso,parroquia,Caracas - Parroquia El Paraíso,46740,Localidad mediana,10,,,6,Semibosque,,Semibosque,ok
Caracas,Parroquia El Recreo,parroquia,Caracas - Parroquia El Recreo,108460,Localidad grande,9,,,5,Desierto,,Desierto,ok
Caracas,Parroquia El Valle,parroquia,Caracas - Parroquia El Valle,111867,Localidad grande,8,,,5,Desierto,,Desierto,ok
Caracas,Parroquia Candelaria,parroquia,Caracas - Parroquia Candelaria,129622,Localidad grande,12,,,7,Semibosque,,Semibosque,ok
Caracas,Parroquia La Pastora,parroquia,Caracas - Parroquia La Pastora,72885,Localidad mediana,8,,,4,Desierto,,Desierto,ok
Caracas,Parroquia La Vega,parroquia,Caracas - Parroquia La Vega,109075,Localidad grande,10,,,6,Semidesierto,,Semidesierto,ok
Caracas,Parroquia Macarao,parroquia,Caracas - Parroquia Macarao,42623,Localidad mediana,2,,,,Desierto,,Desierto,ok
Caracas,Parroquia San Agustín,parroquia,Caracas - Parroquia San Agustín,36691,Localidad mediana,6,,,3,Desierto,,Desierto,ok
Caracas,Parroquia San Bernardino,parroquia,Caracas - Parroquia San Bernardino,29702,Localidad mediana,7,,,4,Desierto,,Desierto,ok
Caracas,Parroquia San José,parroquia,Caracas - Parroquia San José,38075,Localidad mediana,3,,,1,Desierto,,Desierto,ok
Caracas,Parroquia San Juan,parroquia,Caracas - Parroquia San Juan,94674,Localidad mediana,5,,,2,Desierto,,Desierto,ok
Caracas,Parroquia San Pedro,parroquia,Caracas - Parroquia San Pedro,66539,Localidad mediana,5,,,3,Desierto,,Desierto,ok
Caracas,Parroquia Santa Rosalía,parroquia,Caracas - Parroquia Santa Rosalía,90691,Localidad mediana,8,,,5,Semidesierto,,Semidesierto,ok
Caracas,Parroquia Santa Teresa,parroquia,Caracas - Parroquia Santa Teresa,26560,Localidad mediana,8,,,5,Semidesierto,,Semidesierto,ok
Caracas,Parroquia Sucre,parroquia,Caracas - Parroquia Sucre,319109,Localidad grande,13,,,7,Semibosque,,Semibosque,ok
Cojedes,Anzoátegui (Cojedito),municipio,Cojedes - Anzoátegui (Cojedito),16523,Localidad pequeña,9,9,6,2,Desierto,,Desierto,ok
Cojedes,Falcón (Tinaquillo),municipio,Cojedes - Falcón (Tinaquillo),101913,Localidad grande,14,14,10,1,Desierto,,Desierto,ok
Cojedes,Girardot (El Baúl),municipio,Cojedes - Girardot (El Baúl),11569,Localidad pequeña,9,9,6,2,Desierto,,Desierto,ok
Cojedes,Lima Blanco (Macapo),municipio,Cojedes - Lima Blanco (Macapo),9272,Localidad pequeña,8,8,7,1,Desierto,,Desierto,ok
Cojedes,Pao de San Juan Bautista (El Pao),municipio,Cojedes - Pao de San Juan Bautista (El Pao),16270,Localidad pequeña,9,9,5,2,Desierto,,Desierto,ok
Cojedes,Ricaurte (Libertad),municipio,Cojedes - Ricaurte (Libertad),12319,Localidad pequeña,8,8,5,2,Desierto,,Desierto,ok
Cojedes,Rómulo Gallegos,municipio,Cojedes - Rómulo Gallegos,17730,Localidad pequeña,12,12,6,2,Desierto,,Desierto,ok
Cojedes,Ezequiel Zamora (San Carlos),municipio,Cojedes - Ezequiel Zamora (San Carlos),111463,Localidad grande,15,15,12,1,Desierto,,Desierto,ok
Cojedes,Tinaco,municipio,Cojedes - Tinaco,33556,Localidad mediana,12,12,8,1,Desierto,,Desierto,ok
Falcón,Acosta (San Juan de los Cayos),municipio,Falcón - Acosta (San Juan de los Cayos),20565,Localidad pequeña,13,13,3,1,Desierto,,Desierto,ok
Falcón,Bolívar (San Luis),municipio,Falcón - Bolívar (San Luis),8995,Localidad pequeña,12,10,4,1,Desierto,,Desierto,ok
Falcón,Buchivacoa (Capatárida),municipio,Falcón - Buchivacoa (Capatárida),24487,Localidad pequeña,11,10,4,1,Desierto,,Desierto,ok
Falcón,Cacique Manaure (Yaracal),municipio,Falcón - Cacique Manaure (Yaracal),11648,Localidad pequeña,14,13,4,1,Desierto,,Desierto,ok
Falcón,Carirubana (Punto Fijo),municipio,Falcón - Carirubana (Punto Fijo),263778,Localidad grande,28,28,11,2,Desierto,,Desierto,ok
Falcón,Colina (La Vela de Coro),municipio,Falcón - Colina (La Vela de Coro),44463,Localidad mediana,24,24,8,1,Desierto,,Desierto,ok
Falcón,Dabajuro,municipio,Falcón - Dabajuro,25358,Localidad mediana,15,13,5,1,Desierto,,Desierto,ok
Falcón,Democracia (Pedregal),municipio,Falcón - Democracia (Pedregal),10719,Localidad pequeña,13,13,2,1,Desierto,,Desierto,ok
Falcón,Falcón (Pueblo Nuevo),municipio,Falcón - Falcón (Pueblo Nuevo),52307,Localidad mediana,23,22,12,2,Desierto,,Desierto,ok
Falcón,Federación (Churuguara),municipio,Falcón - Federación (Churuguara),31912,Localidad mediana,15,12,5,1,Desierto,,Desierto,ok
Falcón,Jacura,municipio,Falcón - Jacura,12034,Localidad pequeña,12,10,4,1,Desierto,,Desierto,ok
Falcón,Los Taques (Santa Cruz de Los Taques),municipio,Falcón - Los Taques (Santa Cruz de Los Taques),43498,Localidad mediana,24,23,14,2,Desierto,,Desierto,ok
Falcón,Mauroa (Mene de Mauroa),municipio,Falcón - Mauroa (Mene de Mauroa),26517,Localidad mediana,13,11,4,1,Desierto,,Desierto,ok
Falcón,Miranda (Santa Ana de Coro),municipio,Falcón - Miranda (Santa Ana de Coro),229217,Localidad grande,28,28,11,2,Desierto,,Desierto,ok
Falcón,Monseñor Iturriza (Chichiriviche),municipio,Falcón - Monseñor Iturriza (Chichiriviche),21180,Localidad pequeña,18,16,6,1,Desierto,,Desierto,ok
Falcón,Palmasola,municipio,Falcón - Palmasola,7938,Localidad pequeña,10,10,3,1,Desierto,,Desierto,ok
Falcón,Petit (Cabure),municipio,Falcón - Petit (Cabure),14845,Localidad pequeña,12,11,3,1,Desierto,,Desierto,ok
Falcón,Píritu,municipio,Falcón - Píritu,11174,Localidad pequeña,14,12,6,1,Desierto,,Desierto,ok
Falcón,San Francisco (Mirimire),municipio,Falcón - San Francisco (Mirimire),11730,Localidad pequeña,14,12,5,1,Desierto,,Desierto,ok
Falcón,Silva (Tucacas),municipio,Falcón - Silva (Tucacas),40063,Localidad mediana,17,17,3,1,Desierto,,Desierto,ok
Falcón,Sucre (La Cruz de Taratara),municipio,Falcón - Sucre (La Cruz de Taratara),6064,Localidad pequeña,10,10,1,1,Desierto,,Desierto,ok
Falcón,Tocópero,municipio,Falcón - Tocópero,5726,Localidad pequeña,11,10,3,1,Desierto,,Desierto,ok
Falcón,Unión (Santa Cruz de Bucaral),municipio,Falcón - Unión (Santa Cruz de Bucaral),16804,Localidad pequeña,10,10,2,2,Desierto,,Desierto,ok
Falcón,Urumaco,municipio,Falcón - Urumaco,8578,Localidad pequeña,11,11,1,1,Desierto,,Desierto,ok
Falcón,Zamora (Puerto Cumarebo),municipio,Falcón - Zamora (Puerto Cumarebo),36401,Localidad mediana,18,18,3,1,Desierto,,Desierto,ok
Delta Amacuro,Antonio Díaz Curiapo (Curiapo),municipio,Delta Amacuro - Antonio Díaz Curiapo (Curiapo),30116,Localidad mediana,5,4,1,,Desierto,,Desierto,ok
Delta Amacuro,Casacoima (Sierra Imataca),municipio,Delta Amacuro - Casacoima (Sierra Imataca),36645,Localidad mediana,4,2,2,,Desierto,,Desierto,ok
Delta Amacuro,Pedernales,municipio,Delta Amacuro - Pedernales,7206,Localidad pequeña,5,4,2,1,Desierto,,Desierto,ok
Delta Amacuro,Tucupita,municipio,Delta Amacuro - Tucupita,115825,Localidad grande,7,7,2,1,Desierto,,Desierto,ok
Guárico,Esteros de Camaguan,municipio,Guárico - Esteros de Camaguan,27104,Localidad mediana,7,3,3,2,Desierto,,Desierto,ok
Guárico,Chaguaramas,municipio,Guárico - Chaguaramas,15263,Localidad pequeña,8,5,5,2,Desierto,,Desierto,ok
Guárico,El Socorro,municipio,Guárico - El Socorro,18024,Localidad pequeña,8,4,4,2,Desierto,,Desierto,ok
Guárico,Francisco de Miranda (Calabozo),municipio,Guárico - Francisco de Miranda (Calabozo),156629,Localidad grande,12,7,7,2,Desierto,,Desierto,ok
Guárico,José Félix Ribas (Tucupido),municipio,Guárico - José Félix Ribas (Tucupido),40222,Localidad mediana,7,4,4,2,Desierto,,Desierto,ok
Guárico,José Tadeo Monagas (Altagracia de Orituco),municipio,Guárico - José Tadeo Monagas (Altagracia de Orituco),82492,Localidad mediana,13,7,7,3,Desierto,,Desierto,ok
Guárico,Juan Germán Roscio (San Juan de Los Morros),municipio,Guárico - Juan Germán Roscio (San Juan de Los Morros),145327,Localidad grande,13,7,7,2,Desierto,,Desierto,ok
Guárico,Julián Mellado (El Sombrero),municipio,Guárico - Julián Mellado (El Sombrero),29422,Localidad mediana,8,4,4,2,Desierto,,Desierto,ok
Guárico,Las Mercedes,municipio,Guárico - Las Mercedes,36207,Localidad mediana,9,4,4,2,Desierto,,Desierto,ok
Guárico,Leonardo Infante (Valle de La Pascua),municipio,Guárico - Leonardo Infante (Valle de La Pascua),137715,Localidad grande,14,9,9,2,Desierto,,Desierto,ok
Guárico,Pedro Zaraza (Zaraza),municipio,Guárico - Pedro Zaraza (Zaraza),25423,Localidad mediana,10,6,6,2,Desierto,,Desierto,ok
Guárico,Ortíz,municipio,Guárico - Ortíz,66589,Localidad mediana,0,0,0,2,Desierto,,Desierto,ok
Guárico,San Gerónimo de Guayabal (Guayabal),municipio,Guárico - San Gerónimo de Guayabal (Guayabal),21075,Localidad pequeña,8,4,4,2,Desierto,,Desierto,ok
Guárico,San José de Guaribe,municipio,Guárico - San José de Guaribe,12338,Localidad pequeña,7,4,4,2,Desierto,,Desierto,ok
Guárico,Santa María de Ipire,municipio,Guárico - Santa María de Ipire,13894,Localidad pequeña,6,4,4,2,Desierto,,Desierto,ok
Lara,Andrés Eloy Blanco (Sanare),municipio,Lara - Andrés Eloy Blanco (Sanare),49640,Localidad mediana,7,7,4,2,Desierto,,Desierto,ok
Lara,Crespo (Duaca),municipio,Lara - Crespo (Duaca),53714,Localidad mediana,6,6,3,2,Desierto,,Desierto,ok
Lara,Iribarren (Barquisimeto),municipio,Lara - Iribarren (Barquisimeto),1054915,Localidad grande,13,12,8,3,Desierto,,Desierto,ok
Lara,Jiménez (Quibor),municipio,Lara - Jiménez (Quibor),106111,Localidad grande,8,8,3,2,Desierto,,Desierto,ok
Lara,Morán (El Tocuyo),municipio,Lara - Morán (El Tocuyo),127031,Localidad grande,9,9,4,2,Desierto,,Desierto,ok
Lara,Palavecino (Cabudare),municipio,Lara - Palavecino (Cabudare),183524,Localidad grande,13,12,6,3,Desierto,,Desierto,ok
Lara,Simón Planas (Sarare),municipio,Lara - Simón Planas (Sarare),37036,Localidad mediana,6,6,3,2,Desierto,,Desierto,ok
Lara,Torres (Carora),municipio,Lara - Torres (Carora),190460,Localidad grande,12,11,7,3,Desierto,,Desierto,ok
Lara,Urdaneta (Siquisique),municipio,Lara - Urdaneta (Siquisique),62937,Localidad mediana,8,5,6,3,Desierto,,Desierto,ok
La Guaira,Parroquia Caraballeda,municipio,La Guaira - Parroquia Caraballeda,45678,Localidad mediana,5,,,2,Desierto,,Desierto,ok
La Guaira,Parroquia Carayaca,municipio,La Guaira - Parroquia Carayaca,39464,Localidad mediana,3,,,1,Desierto,,Desierto,ok
La Guaira,Parroquia Carlos Soublette,municipio,La Guaira - Parroquia Carlos Soublette,29687,Localidad mediana,6,,,2,Desierto,,Desierto,ok
La Guaira,Parroquia Caruao,municipio,La Guaira - Parroquia Caruao,5346,Localidad pequeña,3,,,1,Desierto,,Desierto,ok
La Guaira,Parroquia Catia La Mar,municipio,La Guaira - Parroquia Catia La Mar,80263,Localidad mediana,6,,,2,Desierto,,Desierto,ok
La Guaira,Parroquia El Junko,municipio,La Guaira - Parroquia El Junko,4054,Localidad pequeña,3,,,1,Desierto,,Desierto,ok
La Guaira,Parroquia La Guaira,municipio,La Guaira - Parroquia La Guaira,18168,Localidad pequeña,8,,,3,Desierto,,Desierto,ok
La Guaira,Parroquia Macuto,municipio,La Guaira - Parroquia Macuto,19295,Localidad pequeña,6,,,2,Desierto,,Desierto,ok
La Guaira,Parroquia Maiquetía,municipio,La Guaira - Parroquia Maiquetía,33064,Localidad mediana,6,,,2,Desierto,,Desierto,ok
La Guaira,Parroquia Naiguatá,municipio,La Guaira - Parroquia Naiguatá,17009,Localidad pequeña,4,,,1,Desierto,,Desierto,ok
La Guaira,Parroquia Urimare,municipio,La Guaira - Parroquia Urimare,46491,Localidad mediana,5,,,2,Desierto,,Desierto,ok
Mérida,Adriani (El Vigía),municipio,Mérida - Adriani (El Vigía),137675,Localidad grande,23,23,10,5,Desierto,,Desierto,ok
Mérida,Andrés Bello (La Azulita),municipio,Mérida - Andrés Bello (La Azulita),14203,Localidad pequeña,15,13,6,3,Desierto,,Desierto,ok
Mérida,Aricagua,municipio,Mérida - Aricagua,4202,Localidad pequeña,15,13,6,2,Desierto,,Desierto,ok
Mérida,Briceño (Torondoy),municipio,Mérida - Briceño (Torondoy),4911,Localidad pequeña,10,7,6,1,Desierto,,Desierto,ok
Mérida,Chacón (Canaguá),municipio,Mérida - Chacón (Canaguá),12971,Localidad pequeña,16,11,12,1,Desierto,,Desierto,ok
Mérida,Campo Elías (Ejido),municipio,Mérida - Campo Elías (Ejido),110163,Localidad grande,26,25,12,6,Semidesierto,,Semidesierto,ok
Mérida,Dávila (Bailadores),municipio,Mérida - Dávila (Bailadores),20662,Localidad pequeña,18,16,10,3,Desierto,,Desierto,ok
Mérida,Febres Cordero (Nueva Bolivia),municipio,Mérida - Febres Cordero (Nueva Bolivia),33309,Localidad mediana,12,12,4,1,Desierto,,Desierto,ok
Mérida,Guaraque (Guaraque),municipio,Mérida - Guaraque (Guaraque),9023,Localidad pequeña,14,10,9,2,Desierto,,Desierto,ok
Mérida,Libertador,municipio,Mérida - Libertador,249831,Localidad grande,28,26,15,6,Semidesierto,,Semidesierto,ok
Mérida,Miranda (Timotes),municipio,Mérida - Miranda (Timotes),22664,Localidad pequeña,16,13,7,2,Desierto,,Desierto,ok
Mérida,Noguera (Santa María de Caparo),municipio,Mérida - Noguera (Santa María de Caparo),3207,Localidad pequeña,8,6,5,1,Desierto,,Desierto,ok
Mérida,Parra Olmedo (Tucaní),municipio,Mérida - Parra Olmedo (Tucaní),27767,Localidad mediana,14,12,9,2,Desierto,,Desierto,ok
Mérida,Pinto Salinas (Santa Cruz de Mora),municipio,Mérida - Pinto Salinas (Santa Cruz de Mora),24188,Localidad pequeña,17,17,11,2,Desierto,,Desierto,ok
Mérida,Pueblo Llano (Pueblo Llano),municipio,Mérida - Pueblo Llano (Pueblo Llano),10885,Localidad pequeña,13,11,6,1,Desierto,,Desierto,ok
Mérida,Quintero (Santo Domingo),municipio,Mérida - Quintero (Santo Domingo),9539,Localidad pequeña,16,15,7,3,Desierto,,Desierto,ok
Mérida,Rangel (Mucuchíes),municipio,Mérida - Rangel (Mucuchíes),19378,Localidad pequeña,18,16,9,4,Semidesierto,,Semidesierto,ok
Mérida,Ramos de Lora (Santa Elena de Arenales),municipio,Mérida - Ramos de Lora (Santa Elena de Arenales),24804,Localidad pequeña,15,14,7,3,Desierto,,Desierto,ok
Mérida,Salas (Arapuey),municipio,Mérida - Salas (Arapuey),14500,Localidad pequeña,11,8,6,1,Desierto,,Desierto,ok
Mérida,Marquina (Tabay),municipio,Mérida - Marquina (Tabay),19656,Localidad pequeña,22,22,7,4,Semidesierto,,Semidesierto,ok
Mérida,Sucre (Lagunillas),municipio,Mérida - Sucre (Lagunillas),59213,Localidad mediana,22,21,10,5,Semidesierto,,Semidesierto,ok
Mérida,Tovar,municipio,Mérida -Tovar,37827,Localidad mediana,24,23,10,4,Desierto,,Desierto,ok
Mérida,Zea,municipio,Mérida - Zea,11277,Localidad pequeña,21,21,10,3,Desierto,,Desierto,ok
Miranda,Acevedo (Caucagua),municipio,Miranda - Acevedo (Caucagua),89219,Localidad mediana,6,5,4,3,Desierto,,Desierto,ok
Miranda,Andrés Bello (San José de Barlovento),municipio,Miranda - Andrés Bello (San José de Barlovento),21159,Localidad pequeña,4,4,2,2,Desierto,,Desierto,ok
Miranda,Baruta,municipio,Miranda - Baruta,337230,Localidad grande,11,11,3,5,Desierto,,Desierto,ok
Miranda,Brión (Higuerote),municipio,Miranda - Brión (Higuerote),62490,Localidad mediana,8,7,4,3,Desierto,,Desierto,ok
Miranda,Buroz (Mamporal),municipio,Miranda - Buroz (Mamporal),27627,Localidad mediana,6,6,3,1,Desierto,,Desierto,ok
Miranda,Carrizal,municipio,Miranda - Carrizal,52555,Localidad mediana,20,18,9,6,Semibosque,,Semibosque,ok
Miranda,Chacao,municipio,Miranda - Chacao,71473,Localidad mediana,15,15,2,5,Semidesierto,,Semidesierto,ok
Miranda,Cristóbal Rojas (Charallave),municipio,Miranda - Cristóbal Rojas (Charallave),131464,Localidad grande,14,14,7,3,Desierto,,Desierto,ok
Miranda,El Hatillo,municipio,Miranda - El Hatillo,83950,Localidad mediana,12,11,3,5,Semidesierto,,Semidesierto,ok
Miranda,Guaicaipuro (Los Teques),municipio,Miranda - Guaicaipuro (Los Teques),269828,Localidad grande,22,22,8,8,Posible bosque,,Semibosque,ok
Miranda,Independencia (Santa Teresa del Tuy),municipio,Miranda - Independencia (Santa Teresa del Tuy),147656,Localidad grande,15,15,9,3,Desierto,,Desierto,ok
Miranda,Lander (Ocumare del Tuy),municipio,Miranda - Lander (Ocumare del Tuy),159110,Localidad grande,16,16,9,3,Desierto,,Desierto,ok
Miranda,Los Salias (San Antonio de los Altos),municipio,Miranda - Los Salias (San Antonio de los Altos),70620,Localidad mediana,21,21,10,7,Posible bosque,,Semibosque,ok
Miranda,Páez (Río Chico),municipio,Miranda - Páez (Río Chico),39021,Localidad mediana,6,6,3,2,Desierto,,Desierto,ok
Miranda,Paz Castillo (Santa Lucía),municipio,Miranda - Paz Castillo (Santa Lucía),115460,Localidad grande,13,13,8,3,Desierto,,Desierto,ok
Miranda,Pedro Gual (Cúpira),municipio,Miranda - Pedro Gual (Cúpira),22117,Localidad pequeña,6,6,3,1,Desierto,,Desierto,ok
Miranda,Plaza (Guarenas),municipio,Miranda - Plaza (Guarenas),222074,Localidad grande,12,12,5,2,Desierto,,Desierto,ok
Miranda,Simón Bolívar (San Francisco de Yare),municipio,Miranda - Simón Bolívar (San Francisco de Yare),44847,Localidad mediana,13,13,9,3,Desierto,,Desierto,ok
Miranda,Sucre (Petare),municipio,Miranda - Sucre (Petare),641570,Localidad grande,13,12,4,6,Semidesierto,,Semidesierto,ok
Miranda,Urdaneta (Cúa),municipio,Miranda - Urdaneta (Cúa),155930,Localidad grande,16,15,12,4,Desierto,,Desierto,ok
Miranda,Zamora (Guatire),municipio,Miranda - Zamora (Guatire),203416,Localidad grande,12,12,5,2,Desierto,,Desierto,ok
Monagas,Acosta (San Antonio de Capayacuar),municipio,Monagas - Acosta (San Antonio de Capayacuar),17972,Localidad pequeña,8,7,6,1,Desierto,,Desierto,ok
Monagas,Aguasay,municipio,Monagas - Aguasay,11999,Localidad pequeña,5,5,1,1,Desierto,,Desierto,ok
Monagas,Bolívar (Caripito),municipio,Monagas - Bolívar (Caripito),39209,Localidad mediana,8,8,1,1,Desierto,,Desierto,ok
Monagas,Caripe,municipio,Monagas - Caripe,34813,Localidad mediana,9,9,1,2,Desierto,,Desierto,ok
Monagas,Cedeño (Caicara de Maturín),municipio,Monagas - Cedeño (Caicara de Maturín),36107,Localidad mediana,7,7,2,1,Desierto,,Desierto,ok
Monagas,Libertador (Temblador),municipio,Monagas - Libertador (Temblador),45049,Localidad mediana,8,7,2,,Desierto,,Desierto,ok
Monagas,Maturín,municipio,Monagas - Maturín,562677,Localidad grande,12,12,8,4,Desierto,,Desierto,ok
Monagas,Piar (Aragua de Maturín),municipio,Monagas - Piar (Aragua de Maturín),46141,Localidad mediana,8,7,4,2,Desierto,,Desierto,ok
Monagas,Punceres (Quiriquire),municipio,Monagas - Punceres (Quiriquire),27714,Localidad mediana,7,5,3,,Desierto,,Desierto,ok
Monagas,Santa Bárbara,municipio,Monagas - Santa Bárbara,9797,Localidad pequeña,6,6,1,1,Desierto,,Desierto,ok
Monagas,Sotillo (Barrancas del Orinoco),municipio,Monagas - Sotillo (Barrancas del Orinoco),24168,Localidad pequeña,9,8,4,1,Desierto,,Desierto,ok
Monagas,Uracoa,municipio,Monagas - Uracoa,9514,Localidad pequeña,6,5,3,1,Desierto,,Desierto,ok
Monagas,Zamora (Punta de Mata),municipio,Monagas - Zamora (Punta de Mata),65951,Localidad mediana,10,10,2,3,Desierto,,Desierto,ok
Nueva Esparta,Antolín del Campo (La Plaza de Paraguachí),municipio,Nueva Esparta - Antolín del Campo (La Plaza de Paraguachí),32147,Localidad mediana,8,6,7,2,Desierto,,Desierto,ok
Nueva Esparta,Arismendi (La Asunción),municipio,Nueva Esparta - Arismendi (La Asunción),32950,Localidad mediana,10,10,6,1,Desierto,,Desierto,ok
Nueva Esparta,Díaz (San Juan Bautista),municipio,Nueva Esparta - Díaz (San Juan Bautista),81437,Localidad mediana,6,5,5,2,Desierto,,Desierto,ok
Nueva Esparta,García (El Valle del Espíritu Santo),municipio,Nueva Esparta - García (El Valle del Espíritu Santo),77614,Localidad mediana,7,5,5,1,Desierto,,Desierto,ok
Nueva Esparta,Gómez (Santa Ana),municipio,Nueva Esparta - Gómez (Santa Ana),46933,Localidad mediana,6,5,4,2,Desierto,,Desierto,ok
Nueva Esparta,Maneiro (Pampatar),municipio,Nueva Esparta - Maneiro (Pampatar),58556,Localidad mediana,10,10,5,1,Desierto,,Desierto,ok
Nueva Esparta,Marcano (Juan Griego),municipio,Nueva Esparta - Marcano (Juan Griego),41537,Localidad mediana,8,6,6,1,Desierto,,Desierto,ok
Nueva Esparta,Mariño (Porlamar),municipio,Nueva Esparta - Mariño (Porlamar),117183,Localidad grande,10,10,5,1,Desierto,,Desierto,ok
Nueva Esparta,Península de Macanao (Boca de Río),municipio,Nueva Esparta - Península de Macanao (Boca de Río),30094,Localidad mediana,5,4,4,2,Desierto,,Desierto,ok
Nueva Esparta,Tubores (Punta de Piedras),municipio,Nueva Esparta - Tubores (Punta de Piedras),42180,Localidad mediana,5,5,4,2,Desierto,,Desierto,ok
Nueva Esparta,Villalba (San Pedro de Coche),municipio,Nueva Esparta - Villalba (San Pedro de Coche),10281,Localidad pequeña,4,4,2,2,Desierto,,Desierto,ok
Portuguesa,Agua Blanca,municipio,Portuguesa - Agua Blanca,21300,Localidad pequeña,15,12,11,1,Desierto,,Desierto,ok
Portuguesa,Araure,municipio,Portuguesa - Araure,172372,Localidad grande,22,22,14,3,Desierto,,Desierto,ok
Portuguesa,Esteller (Píritu),municipio,Portuguesa - Esteller (Píritu),45254,Localidad mediana,14,12,9,1,Desierto,,Desierto,ok
Portuguesa,Guanare,municipio,Portuguesa - Guanare,205081,Localidad grande,22,22,12,3,Desierto,,Desierto,ok
Portuguesa,Guanarito,municipio,Portuguesa - Guanarito,38397,Localidad mediana,12,9,9,1,Desierto,,Desierto,ok
Portuguesa,Monseñor José Vicenti de Unda (Chabasquén de Unda),municipio,Portuguesa - Monseñor José Vicenti de Unda (Chabasquén de Unda),24232,Localidad pequeña,10,8,9,1,Desierto,,Desierto,ok
Portuguesa,Ospino,municipio,Portuguesa - Ospino,49795,Localidad mediana,18,17,10,3,Desierto,,Desierto,ok
Portuguesa,Páez (Acarigua),municipio,Portuguesa - Páez (Acarigua),187727,Localidad grande,22,22,14,3,Desierto,,Desierto,ok
Portuguesa,Papelón,municipio,Portuguesa - Papelón,16995,Localidad pequeña,12,8,11,1,Desierto,,Desierto,ok
Portuguesa,San Genaro de Boconoíto (Boconoíto),municipio,Portuguesa - San Genaro de Boconoíto (Boconoíto),23872,Localidad pequeña,10,9,9,1,Desierto,,Desierto,ok
Portuguesa,San Rafael de Onoto,municipio,Portuguesa - San Rafael de Onoto,18908,Localidad pequeña,11,10,9,2,Desierto,,Desierto,ok
Portuguesa,Santa Rosalía (El Playón),municipio,Portuguesa - Santa Rosalía (El Playón),17885,Localidad pequeña,10,8,9,2,Desierto,,Desierto,ok
Portuguesa,Sucre (Biscucuy),municipio,Portuguesa - Sucre (Biscucuy),42501,Localidad mediana,12,11,9,1,Desierto,,Desierto,ok
Portuguesa,Turén (Villa Bruzual),municipio,Portuguesa - Turén (Villa Bruzual),65928,Localidad mediana,15,14,9,2,Desierto,,Desierto,ok
Sucre,Andrés Eloy Blanco (Casanay),municipio,Sucre - Andrés Eloy Blanco (Casanay),28337,Localidad mediana,4,3,3,1,Desierto,,Desierto,ok
Sucre,Andrés Mata (San José de Aerocuar),municipio,Sucre - Andrés Mata (San José de Aerocuar),21211,Localidad pequeña,4,4,3,1,Desierto,,Desierto,ok
Sucre,Arismendi (Río Caribe),municipio,Sucre - Arismendi (Río Caribe),50589,Localidad mediana,5,5,3,2,Desierto,,Desierto,ok
Sucre,Benítez (El Pilar),municipio,Sucre - Benítez (El Pilar),33449,Localidad mediana,2,2,1,1,Desierto,,Desierto,ok
Sucre,Bermúdez (Carúpano),municipio,Sucre - Bermúdez (Carúpano),149120,Localidad grande,5,5,5,2,Desierto,,Desierto,ok
Sucre,Bolívar (Marigüitar),municipio,Sucre - Bolívar (Marigüitar),23642,Localidad pequeña,3,3,1,1,Desierto,,Desierto,ok
Sucre,Cajigal (Yaguaraparo),municipio,Sucre - Cajigal (Yaguaraparo),22706,Localidad pequeña,3,3,1,2,Desierto,,Desierto,ok
Sucre,Cruz Salmerón Acosta (Araya),municipio,Sucre - Cruz Salmerón Acosta (Araya),37770,Localidad mediana,4,4,3,1,Desierto,,Desierto,ok
Sucre,Libertador (Tunapuy),municipio,Sucre - Libertador (Tunapuy),10281,Localidad pequeña,1,1,1,,Desierto,,Desierto,ok
Sucre,Mariño (Irapa).,municipio,Sucre - Mariño (Irapa).,25845,Localidad mediana,2,2,2,,Desierto,,Desierto,ok
Sucre,Mejía (San Antonio del Golfo),municipio,Sucre - Mejía (San Antonio del Golfo),15101,Localidad pequeña,3,3,2,1,Desierto,,Desierto,ok
Sucre,Montes (Cumanacoa),municipio,Sucre - Montes (Cumanacoa),57312,Localidad mediana,5,5,4,1,Desierto,,Desierto,ok
Sucre,Ribero (Cariaco),municipio,Sucre - Ribero (Cariaco),65054,Localidad mediana,4,4,4,1,Desierto,,Desierto,ok
Sucre,Sucre (Cumaná),municipio,Sucre - Sucre (Cumaná),402649,Localidad grande,6,6,4,2,Desierto,,Desierto,ok
Sucre,Valdez (Güiria),municipio,Sucre - Valdez (Güiria),44077,Localidad mediana,3,3,1,1,Desierto,,Desierto,ok
Táchira,Andrés Bello (Cordero),municipio,Táchira - Andrés Bello (Cordero),17464,Localidad pequeña,7,7,3,,Desierto,,Desierto,ok
Táchira,Antonio Rómulo Costa (Las Mesas),municipio,Táchira - Antonio Rómulo Costa (Las Mesas),8992,Localidad pequeña,8,8,5,,Desierto,,Desierto,ok
Táchira,Ayacucho (Colón),municipio,Táchira - Ayacucho (Colón),49810,Localidad mediana,13,12,8,2,Desierto,,Desierto,ok
Táchira,Bolívar (San Antonio del Táchira),municipio,Táchira - Bolívar (San Antonio del Táchira),52935,Localidad mediana,9,9,3,1,Desierto,,Desierto,ok
Táchira,Cárdenas (Táriba),municipio,Táchira - Cárdenas (Táriba),110318,Localidad grande,11,11,3,1,Desierto,,Desierto,ok
Táchira,Córdoba (Santa Ana de Táchira),municipio,Táchira - Córdoba (Santa Ana de Táchira),28235,Localidad mediana,8,8,3,,Desierto,,Desierto,ok
Táchira,Fernández Feo (San Rafael del Piñal),municipio,Táchira - Fernández Feo (San Rafael del Piñal),38947,Localidad mediana,5,5,2,1,Desierto,,Desierto,ok
Táchira,Francisco de Miranda (San José de Bolívar),municipio,Táchira - Francisco de Miranda (San José de Bolívar),3475,Localidad pequeña,9,7,7,,Desierto,,Desierto,ok
Táchira,García de Hevia (La Fría),municipio,Táchira - García de Hevia (La Fría),41748,Localidad mediana,10,8,6,1,Desierto,,Desierto,ok
Táchira,Guásimos (Palmira),municipio,Táchira - Guásimos (Palmira),38325,Localidad mediana,9,8,4,1,Desierto,,Desierto,ok
Táchira,Independencia (Capacho Nuevo),municipio,Táchira - Independencia (Capacho Nuevo),32009,Localidad mediana,9,8,4,,Desierto,,Desierto,ok
Táchira,Jáuregui (La Grita),municipio,Táchira - Jáuregui (La Grita),35659,Localidad mediana,13,13,9,1,Desierto,,Desierto,ok
Táchira,José María Vargas (El Cobre),municipio,Táchira - José María Vargas (El Cobre),8660,Localidad pequeña,10,10,8,,Desierto,,Desierto,ok
Táchira,Junín (Rubio),municipio,Táchira - Junín (Rubio),74267,Localidad mediana,13,13,8,2,Desierto,,Desierto,ok
Táchira,San Judas Tadeo (Umuquena),municipio,Táchira - San Judas Tadeo (Umuquena),6369,Localidad pequeña,8,8,5,,Desierto,,Desierto,ok
Táchira,Libertad (Capacho Viejo),municipio,Táchira - Libertad (Capacho Viejo),23542,Localidad pequeña,10,10,3,,Desierto,,Desierto,ok
Táchira,Libertador (Abejales),municipio,Táchira - Libertador (Abejales),18880,Localidad pequeña,4,4,1,,Desierto,,Desierto,ok
Táchira,Lobatera,municipio,Táchira - Lobatera,11179,Localidad pequeña,7,6,5,2,Desierto,,Desierto,ok
Táchira,Michelena,municipio,Táchira - Michelena,16361,Localidad pequeña,9,8,6,2,Desierto,,Desierto,ok
Táchira,Panamericano (Coloncito),municipio,Táchira - Panamericano (Coloncito),27188,Localidad mediana,7,6,6,1,Desierto,,Desierto,ok
Táchira,Pedro María Ureña (Ureña),municipio,Táchira - Pedro María Ureña (Ureña),45026,Localidad mediana,9,9,3,1,Desierto,,Desierto,ok
Táchira,Rafael Urdaneta (Delicias),municipio,Táchira - Rafael Urdaneta (Delicias),4986,Localidad pequeña,6,5,3,,Desierto,,Desierto,ok
Táchira,Samuel Dario Maldonado (La Tendida),municipio,Táchira - Samuel Dario Maldonado (La Tendida),15875,Localidad pequeña,6,5,3,1,Desierto,,Desierto,ok
Táchira,San Cristóbal,municipio,Táchira - San Cristóbal,231079,Localidad grande,15,14,11,2,Desierto,,Desierto,ok
Táchira,Seboruco,municipio,Táchira - Seboruco,16297,Localidad pequeña,9,8,7,,Desierto,,Desierto,ok
Táchira,Simón Rodríguez (San Simon),municipio,Táchira - Simón Rodríguez (San Simon),2125,Localidad pequeña,2,2,1,,Desierto,,Desierto,ok
Táchira,Sucre (Queniquea),municipio,Táchira - Sucre (Queniquea),6331,Localidad pequeña,7,7,4,,Desierto,,Desierto,ok
Táchira,Torbes (San Josecito),municipio,Táchira - Torbes (San Josecito),43559,Localidad mediana,10,10,3,1,Desierto,,Desierto,ok
Táchira,Uribante (Pregonero),municipio,Táchira - Uribante (Pregonero),17219,Localidad pequeña,5,4,3,,Desierto,,Desierto,ok
Zulia,Bolívar (Tía Juana),municipio,Zulia - Bolívar (Tía Juana),44094,Localidad mediana,23,21,13,7,Posible bosque,,Semibosque,ok
Zulia,Baralt (San Timoteo),municipio,Zulia - Baralt (San Timoteo),92904,Localidad mediana,18,16,11,3,Desierto,,Desierto,ok
Zulia,Cabimas,municipio,Zulia - Cabimas,274088,Localidad grande,39,39,20,11,Posible bosque,,Semibosque,ok
Zulia,Catatumbo (Encontrados),municipio,Zulia - Catatumbo (Encontrados),41326,Localidad mediana,16,13,11,4,Desierto,,Desierto,ok
Zulia,Colón (San Carlos del Zulia),municipio,Zulia - Colón (San Carlos del Zulia),127440,Localidad grande,12,11,6,2,Desierto,,Desierto,ok
Zulia,Guajira (Sinamaica),municipio,Zulia - Guajira (Sinamaica),67194,Localidad mediana,24,18,17,6,Semibosque,,Semibosque,ok
Zulia,Padilla (El Toro),municipio,Zulia - Padilla (El Toro),12594,Localidad pequeña,10,8,7,2,Desierto,,Desierto,ok
Zulia,Pulgar (Pueblo Nuevo-El Chivo),municipio,Zulia - Pulgar (Pueblo Nuevo-El Chivo),33351,Localidad mediana,10,9,6,2,Desierto,,Desierto,ok
Zulia,Lossada (La Concepción),municipio,Zulia - Lossada (La Concepción),118919,Localidad grande,21,19,10,6,Semidesierto,,Semidesierto,ok
Zulia,Semprún (Casigua El Cubo),municipio,Zulia - Semprún (Casigua El Cubo),30216,Localidad mediana,10,10,7,0,Desierto,,Desierto,ok
Zulia,La Cañada de Urdaneta (Concepción),municipio,Zulia - La Cañada de Urdaneta (Concepción),83543,Localidad mediana,20,19,9,6,Semibosque,,Semibosque,ok
Zulia,Lagunillas (Ciudad Ojeda),municipio,Zulia - Lagunillas (Ciudad Ojeda),200092,Localidad grande,35,35,22,12,Posible bosque,,Semibosque,ok
Zulia,Machiques,municipio,Zulia - Machiques,124492,Localidad grande,28,28,15,8,Posible bosque,,Semibosque,ok
Zulia,Mara (San Rafael del Moján),municipio,Zulia - Mara (San Rafael del Moján),202242,Localidad grande,14,10,9,5,Desierto,,Desierto,ok
Zulia,Maracaibo,municipio,Zulia - Maracaibo,1560837,Localidad grande,51,51,30,17,Posible bosque,,Semibosque,ok
Zulia,Miranda (Los Puertos de Altagracia),municipio,Zulia - Miranda (Los Puertos de Altagracia),99681,Localidad mediana,26,26,14,9,Posible bosque,,Semibosque,ok
Zulia,Rosario (La Villa del Rosario),municipio,Zulia - Rosario (La Villa del Rosario),86983,Localidad mediana,24,23,13,7,Posible bosque,,Semibosque,ok
Zulia,San Francisco,municipio,Zulia - San Francisco,462417,Localidad grande,39,38,22,12,Posible bosque,,Semibosque,ok
Zulia,Santa Rita,municipio,Zulia - Santa Rita,58912,Localidad mediana,28,27,14,9,Posible bosque,,Semibosque,ok
Zulia,Sucre (Bobures),municipio,Zulia - Sucre (Bobures),60086,Localidad mediana,8,7,5,2,Desierto,,Desierto,ok
Zulia,Valmore Rodríguez (Bachaquero),municipio,Zulia - Valmore Rodríguez (Bachaquero),52524,Localidad mediana,18,17,12,6,Semibosque,,Semibosque,ok